<application xmlns="http://java.sun.com/xml/ns/j2ee"
             xmlns:xsi="http://www.w3.org/2001/XMLSchema-instance"
             xsi:schemaLocation="http://java.sun.com/xml/ns/j2ee
                                 http://java.sun.com/xml/ns/j2ee/application_1_4.xsd"
             version="1.4">
             <display-name>Compact Discs</display-name>
  <module>
    <ejb>beans.jar</ejb>
  </module>
  <module>
    <web>
      <web-uri>web-app.war</web-uri>
      <context-root>j2eecourse</context-root>
    </web>
  </module>
</application>
