<?xml version='1.0' encoding='utf-8'?>
<tomcat-users>
  <role rolename="tomcat"/>
  <role rolename="role1"/>
  <role rolename="customer"/>
  <role rolename="manager"/>
  <role rolename="admin"/>
  <role rolename="guest"/>
  <user username="abigail" password="password" roles="guest"/>
  <user username="tomcat" password="tomcat" roles="tomcat"/>
  <user username="both" password="tomcat" roles="tomcat,role1"/>
  <user username="role1" password="tomcat" roles="role1"/>
  <user username="alex" password="password" roles="customer"/>
  <user username="admin" password="" roles="admin,manager"/>
</tomcat-users>
