<!DOCTYPE web-app PUBLIC 
     "-//Sun Microsystems, Inc.//DTD Web Application 2.3//EN"
     "http://java.sun.com/dtd/web-app_2_3.dtd">
<web-app>

  <security-constraint>
    <web-resource-collection>
      <web-resource-name>Protected Area</web-resource-name>
      <url-pattern>/protected/*</url-pattern>
    </web-resource-collection>
    <auth-constraint>
      <role-name>guest</role-name>
      <role-name>customer</role-name>
    </auth-constraint>
  </security-constraint>

  <login-config>
    <auth-method>BASIC</auth-method>
    <realm-name>The Name of the Realm</realm-name>
  </login-config>

</web-app>

